seed,test_acc,test_loss,training_time
42,94.61502125649504,0.1135595780523384,1899.5028326511383
123,95.08738781294284,0.1208284654672823,1391.5630130767822
456,95.74870099196976,0.0921074042060211,1487.9580960273745
789,95.9376476145489,0.11695476871568199,0.0
101112,95.37080774681152,0.09987006148359939,0.0
